order_number,created_at,payment_details,paymentId,order_id,txnid
2939,"01/02/2021, 11:14 AM","{""ORDERID"":""16011191353495-20210201054611"",""MID"":""WeWork88667919530823"",""TXNID"":""20210201111212800110168992179049381"",""TXNAMOUNT"":""5900.00"",""PAYMENTMODE"":""CC"",""CURRENCY"":""INR"",""TXNDATE"":""2021-02-01 11:16:12.0"",""STATUS"":""TXN_SUCCESS"",""RESPCODE"":""01"",""RESPMSG"":""Txn Success"",""MERC_UNQ_REF"":""16011191353495"",""GATEWAYNAME"":""ICICIPAY"",""BANKTXNID"":""70364899631"",""BANKNAME"":""HDFC Bank""}",,16011191353495-20210201054611,20210201111212800110168992179049381
2944,"01/02/2021, 11:40 AM","{""ORDERID"":""16011295850647-20210201061331"",""MID"":""WeWork88667919530823"",""TXNID"":""20210201111212800110168362379535960"",""TXNAMOUNT"":""236.00"",""PAYMENTMODE"":""UPI"",""CURRENCY"":""INR"",""TXNDATE"":""2021-02-01 11:43:32.0"",""STATUS"":""TXN_SUCCESS"",""RESPCODE"":""01"",""RESPMSG"":""Txn Success"",""MERC_UNQ_REF"":""16011295850647"",""GATEWAYNAME"":""PPBLC"",""BANKTXNID"":""103206015686""}",,16011295850647-20210201061331,20210201111212800110168362379535960
2977,"01/02/2021, 12:26 PM","{""ORDERID"":""16013410304151-20210201150831"",""MID"":""WeWork88667919530823"",""TXNID"":""20210201111212800110168113479721875"",""TXNAMOUNT"":""2950.00"",""PAYMENTMODE"":""UPI"",""CURRENCY"":""INR"",""TXNDATE"":""2021-02-01 20:38:32.0"",""STATUS"":""TXN_SUCCESS"",""RESPCODE"":""01"",""RESPMSG"":""Txn Success"",""MERC_UNQ_REF"":""16013410304151"",""GATEWAYNAME"":""PPBL"",""BANKTXNID"":""103220594054""}",,16013410304151-20210201150831,20210201111212800110168113479721875
2962,"01/02/2021, 03:05 PM","{""ORDERID"":""16012038439063-20210201094445"",""MID"":""WeWork88667919530823"",""TXNID"":""20210201111212800110168454879120167"",""TXNAMOUNT"":""236.00"",""PAYMENTMODE"":""UPI"",""CURRENCY"":""INR"",""TXNDATE"":""2021-02-01 15:14:47.0"",""STATUS"":""TXN_SUCCESS"",""RESPCODE"":""01"",""RESPMSG"":""Txn Success"",""MERC_UNQ_REF"":""16012038439063"",""GATEWAYNAME"":""PPBL"",""BANKTXNID"":""103215034568""}",,16012038439063-20210201094445,20210201111212800110168454879120167
3078,"03/02/2021, 09:57 AM","{""ORDERID"":""16024574689431-20210203044241"",""MID"":""WeWork88667919530823"",""TXNID"":""20210203111212800110168329879843471"",""TXNAMOUNT"":""7080.00"",""PAYMENTMODE"":""NB"",""CURRENCY"":""INR"",""TXNDATE"":""2021-02-03 10:12:42.0"",""STATUS"":""TXN_SUCCESS"",""RESPCODE"":""01"",""RESPMSG"":""Txn Success"",""MERC_UNQ_REF"":""16024574689431"",""GATEWAYNAME"":""HDFC"",""BANKTXNID"":""210347869153"",""BANKNAME"":""HDFC""}",,16024574689431-20210203044241,20210203111212800110168329879843471
3105,"03/02/2021, 10:48 AM","{""ORDERID"":""16026758381719-20210203112302"",""MID"":""WeWork88667919530823"",""TXNID"":""20210203111212800110168428479762279"",""TXNAMOUNT"":""88.50"",""PAYMENTMODE"":""CC"",""CURRENCY"":""INR"",""TXNDATE"":""2021-02-03 16:53:02.0"",""STATUS"":""TXN_SUCCESS"",""RESPCODE"":""01"",""RESPMSG"":""Txn Success"",""MERC_UNQ_REF"":""16026758381719"",""GATEWAYNAME"":""AMEX"",""BANKTXNID"":""720159019"",""BANKNAME"":""American Express""}",,16026758381719-20210203112302,20210203111212800110168428479762279
3096,"03/02/2021, 12:25 PM","{""ORDERID"":""16025328255127-20210203070119"",""MID"":""WeWork88667919530823"",""TXNID"":""20210203111212800110168140979395718"",""TXNAMOUNT"":""236.00"",""PAYMENTMODE"":""CC"",""CURRENCY"":""INR"",""TXNDATE"":""2021-02-03 12:31:19.0"",""STATUS"":""TXN_SUCCESS"",""RESPCODE"":""01"",""RESPMSG"":""Txn Success"",""MERC_UNQ_REF"":""16025328255127"",""GATEWAYNAME"":""SBIFSS"",""BANKTXNID"":""202103482117341"",""BANKNAME"":""ICICI Bank""}",,16025328255127-20210203070119,20210203111212800110168140979395718
3100,"03/02/2021, 02:55 PM","{""ORDERID"":""16026285146263-20210203093735"",""MID"":""WeWork88667919530823"",""TXNID"":""20210203111212800110168805379657883"",""TXNAMOUNT"":""2360.00"",""PAYMENTMODE"":""CC"",""CURRENCY"":""INR"",""TXNDATE"":""2021-02-03 15:07:38.0"",""STATUS"":""TXN_SUCCESS"",""RESPCODE"":""01"",""RESPMSG"":""Txn Success"",""MERC_UNQ_REF"":""16026285146263"",""GATEWAYNAME"":""ICICIPAY"",""BANKTXNID"":""70383369118"",""BANKNAME"":""Citibank""}",,16026285146263-20210203093735,20210203111212800110168805379657883
3112,"03/02/2021, 04:29 PM","{""ORDERID"":""16027303346327-20210203132450"",""MID"":""WeWork88667919530823"",""TXNID"":""20210203111212800110168778779669239"",""TXNAMOUNT"":""1770.00"",""PAYMENTMODE"":""CC"",""CURRENCY"":""INR"",""TXNDATE"":""2021-02-03 18:54:51.0"",""STATUS"":""TXN_SUCCESS"",""RESPCODE"":""01"",""RESPMSG"":""Txn Success"",""MERC_UNQ_REF"":""16027303346327"",""GATEWAYNAME"":""BOBFSS"",""BANKTXNID"":""202103470865412"",""BANKNAME"":""ICICI Bank""}",,16027303346327-20210203132450,20210203111212800110168778779669239
3109,"03/02/2021, 05:01 PM","{""ORDERID"":""16027206975639-20210203130225"",""MID"":""WeWork88667919530823"",""TXNID"":""20210203111212800110168331779716677"",""TXNAMOUNT"":""590.00"",""PAYMENTMODE"":""DC"",""CURRENCY"":""INR"",""TXNDATE"":""2021-02-03 18:32:27.0"",""STATUS"":""TXN_SUCCESS"",""RESPCODE"":""01"",""RESPMSG"":""Txn Success"",""MERC_UNQ_REF"":""16027206975639"",""GATEWAYNAME"":""ICICIPAY"",""BANKTXNID"":""70384856956"",""BANKNAME"":""ICICI""}",,16027206975639-20210203130225,20210203111212800110168331779716677
3107,"03/02/2021, 05:12 PM","{""ORDERID"":""16026908000407-20210203115520"",""MID"":""WeWork88667919530823"",""TXNID"":""20210203111212800110168348679647933"",""TXNAMOUNT"":""472.00"",""PAYMENTMODE"":""UPI"",""CURRENCY"":""INR"",""TXNDATE"":""2021-02-03 17:25:21.0"",""STATUS"":""TXN_SUCCESS"",""RESPCODE"":""01"",""RESPMSG"":""Txn Success"",""MERC_UNQ_REF"":""16026908000407"",""GATEWAYNAME"":""PPBL"",""BANKTXNID"":""103417478535""}",,16026908000407-20210203115520,20210203111212800110168348679647933
3157,"04/02/2021, 09:54 AM","{""ORDERID"":""16032162316439-20210204044036"",""MID"":""WeWork88667919530823"",""TXNID"":""20210204111212800110168564279458015"",""TXNAMOUNT"":""88.50"",""PAYMENTMODE"":""CC"",""CURRENCY"":""INR"",""TXNDATE"":""2021-02-04 10:10:37.0"",""STATUS"":""TXN_SUCCESS"",""RESPCODE"":""01"",""RESPMSG"":""Txn Success"",""MERC_UNQ_REF"":""16032162316439"",""GATEWAYNAME"":""ICICIPAY"",""BANKTXNID"":""70389273958"",""BANKNAME"":""ICICI Bank""}",,16032162316439-20210204044036,20210204111212800110168564279458015
3185,"04/02/2021, 12:20 PM","{""ORDERID"":""16032839205015-20210204072136"",""MID"":""WeWork88667919530823"",""TXNID"":""20210204111212800110168549779497845"",""TXNAMOUNT"":""1770.00"",""PAYMENTMODE"":""CC"",""CURRENCY"":""INR"",""TXNDATE"":""2021-02-04 12:51:36.0"",""STATUS"":""TXN_SUCCESS"",""RESPCODE"":""01"",""RESPMSG"":""Txn Success"",""MERC_UNQ_REF"":""16032839205015"",""GATEWAYNAME"":""ICICIPAY"",""BANKTXNID"":""70390657554"",""BANKNAME"":""HDFC Bank""}",,16032839205015-20210204072136,20210204111212800110168549779497845
3191,"04/02/2021, 03:24 PM","{""ORDERID"":""16033482834071-20210204100108"",""MID"":""WeWork88667919530823"",""TXNID"":""20210204111212800110168628080017314"",""TXNAMOUNT"":""4720.00"",""PAYMENTMODE"":""CC"",""CURRENCY"":""INR"",""TXNDATE"":""2021-02-04 15:31:11.0"",""STATUS"":""TXN_SUCCESS"",""RESPCODE"":""01"",""RESPMSG"":""Txn Success"",""MERC_UNQ_REF"":""16033482834071"",""GATEWAYNAME"":""ICICIPAY"",""BANKTXNID"":""70392099270"",""BANKNAME"":""Citibank""}",,16033482834071-20210204100108,20210204111212800110168628080017314
3210,"05/02/2021, 09:04 AM","{""CURRENCY"":""INR"",""GATEWAYNAME"":""WALLET"",""RESPMSG"":""Txn Success"",""BANKNAME"":""WALLET"",""PAYMENTMODE"":""PPI"",""MID"":""WeWork88667919530823"",""MERC_UNQ_REF"":""16039073742999"",""RESPCODE"":""01"",""TXNID"":""20210205111212800110168797780233297"",""TXNAMOUNT"":""236.00"",""ORDERID"":""16039073742999-20210205034039"",""STATUS"":""TXN_SUCCESS"",""BANKTXNID"":""152311855758"",""TXNDATE"":""2021-02-05 09:10:39.0""}",,16039073742999-20210205034039,20210205111212800110168797780233297
3217,"05/02/2021, 09:34 AM","{""ORDERID"":""16039245774999-20210205042417"",""MID"":""WeWork88667919530823"",""TXNID"":""20210205111212800110168845480285324"",""TXNAMOUNT"":""14160.00"",""PAYMENTMODE"":""NB"",""CURRENCY"":""INR"",""TXNDATE"":""2021-02-05 09:54:18.0"",""STATUS"":""TXN_SUCCESS"",""RESPCODE"":""01"",""RESPMSG"":""Txn Success"",""MERC_UNQ_REF"":""16039245774999"",""GATEWAYNAME"":""HDFC"",""BANKTXNID"":""210369570600"",""BANKNAME"":""HDFC""}",,16039245774999-20210205042417,20210205111212800110168845480285324
3254,"05/02/2021, 01:07 PM","{""ORDERID"":""16040487846039-20210205092616"",""MID"":""WeWork88667919530823"",""TXNID"":""20210205111212800110168058280281454"",""TXNAMOUNT"":""141.60"",""PAYMENTMODE"":""UPI"",""CURRENCY"":""INR"",""TXNDATE"":""2021-02-05 14:56:17.0"",""STATUS"":""TXN_SUCCESS"",""RESPCODE"":""01"",""RESPMSG"":""Txn Success"",""MERC_UNQ_REF"":""16040487846039"",""GATEWAYNAME"":""PPBL"",""BANKTXNID"":""103614270613""}",,16040487846039-20210205092616,20210205111212800110168058280281454
3244,"05/02/2021, 01:10 PM","{""ORDERID"":""16040111112343-20210205075109"",""MID"":""WeWork88667919530823"",""TXNID"":""20210205111212800110168950479774710"",""TXNAMOUNT"":""590.00"",""PAYMENTMODE"":""UPI"",""CURRENCY"":""INR"",""TXNDATE"":""2021-02-05 13:21:11.0"",""STATUS"":""TXN_SUCCESS"",""RESPCODE"":""01"",""RESPMSG"":""Txn Success"",""MERC_UNQ_REF"":""16040111112343"",""GATEWAYNAME"":""PPBLC"",""BANKTXNID"":""103699299682""}",,16040111112343-20210205075109,20210205111212800110168950479774710
3264,"05/02/2021, 01:11 PM","{""ORDERID"":""16040109867159-20210205123549"",""MID"":""WeWork88667919530823"",""TXNID"":""20210205111212800110168242280451100"",""TXNAMOUNT"":""236.00"",""PAYMENTMODE"":""UPI"",""CURRENCY"":""INR"",""TXNDATE"":""2021-02-05 18:05:52.0"",""STATUS"":""TXN_SUCCESS"",""RESPCODE"":""01"",""RESPMSG"":""Txn Success"",""MERC_UNQ_REF"":""16040109867159"",""GATEWAYNAME"":""PPBLC"",""BANKTXNID"":""103606110018""}",,16040109867159-20210205123549,20210205111212800110168242280451100
3262,"05/02/2021, 05:40 PM","{""ORDERID"":""16041250160791-20210205122945"",""MID"":""WeWork88667919530823"",""TXNID"":""20210205111212800110168459180161355"",""TXNAMOUNT"":""236.00"",""PAYMENTMODE"":""DC"",""CURRENCY"":""INR"",""TXNDATE"":""2021-02-05 17:59:46.0"",""STATUS"":""TXN_SUCCESS"",""RESPCODE"":""01"",""RESPMSG"":""Txn Success"",""MERC_UNQ_REF"":""16041250160791"",""GATEWAYNAME"":""ICICIPAY"",""BANKTXNID"":""70401931799"",""BANKNAME"":""ICICI Bank""}",,16041250160791-20210205122945,20210205111212800110168459180161355
3332,"08/02/2021, 11:56 AM","{""ORDERID"":""16061184278679-20210208062920"",""MID"":""WeWork88667919530823"",""TXNID"":""20210208111212800110168316380360998"",""TXNAMOUNT"":""3540.00"",""PAYMENTMODE"":""CC"",""CURRENCY"":""INR"",""TXNDATE"":""2021-02-08 11:59:20.0"",""STATUS"":""TXN_SUCCESS"",""RESPCODE"":""01"",""RESPMSG"":""Txn Success"",""MERC_UNQ_REF"":""16061184278679"",""GATEWAYNAME"":""ICICIPAY"",""BANKTXNID"":""70423235951"",""BANKNAME"":""HDFC Bank""}",,16061184278679-20210208062920,20210208111212800110168316380360998
3335,"08/02/2021, 12:09 PM","{""ORDERID"":""16061222027415-20210208064407"",""MID"":""WeWork88667919530823"",""TXNID"":""20210208111212800110168248080947511"",""TXNAMOUNT"":""472.00"",""PAYMENTMODE"":""CC"",""CURRENCY"":""INR"",""TXNDATE"":""2021-02-08 12:14:08.0"",""STATUS"":""TXN_SUCCESS"",""RESPCODE"":""01"",""RESPMSG"":""Txn Success"",""MERC_UNQ_REF"":""16061222027415"",""GATEWAYNAME"":""SBIFSS"",""BANKTXNID"":""202103966611299"",""BANKNAME"":""ICICI Bank""}",,16061222027415-20210208064407,20210208111212800110168248080947511
3338,"08/02/2021, 12:49 PM","{""ORDERID"":""16061380952215-20210208072739"",""MID"":""WeWork88667919530823"",""TXNID"":""20210208111212800110168253180472077"",""TXNAMOUNT"":""236.00"",""PAYMENTMODE"":""UPI"",""CURRENCY"":""INR"",""TXNDATE"":""2021-02-08 12:57:40.0"",""STATUS"":""TXN_SUCCESS"",""RESPCODE"":""01"",""RESPMSG"":""Txn Success"",""MERC_UNQ_REF"":""16061380952215"",""GATEWAYNAME"":""PPBL"",""BANKTXNID"":""103912948851""}",,16061380952215-20210208072739,20210208111212800110168253180472077
3435,"08/02/2021, 03:36 PM","{""ORDERID"":""16061937778839-20210209140609"",""MID"":""WeWork88667919530823"",""TXNID"":""20210209111212800110168964681437340"",""TXNAMOUNT"":""236.00"",""PAYMENTMODE"":""NB"",""CURRENCY"":""INR"",""TXNDATE"":""2021-02-09 19:36:10.0"",""STATUS"":""TXN_SUCCESS"",""RESPCODE"":""01"",""RESPMSG"":""Txn Success"",""MERC_UNQ_REF"":""16061937778839"",""GATEWAYNAME"":""HDFC"",""BANKTXNID"":""210403203884"",""BANKNAME"":""HDFC""}",,16061937778839-20210209140609,20210209111212800110168964681437340
3351,"08/02/2021, 05:17 PM","{""ORDERID"":""16062307532951-20210208114851"",""MID"":""WeWork88667919530823"",""TXNID"":""20210208111212800110168185880718328"",""TXNAMOUNT"":""1180.00"",""PAYMENTMODE"":""CC"",""CURRENCY"":""INR"",""TXNDATE"":""2021-02-08 17:18:52.0"",""STATUS"":""TXN_SUCCESS"",""RESPCODE"":""01"",""RESPMSG"":""Txn Success"",""MERC_UNQ_REF"":""16062307532951"",""GATEWAYNAME"":""ICICIPAY"",""BANKTXNID"":""70425570074"",""BANKNAME"":""Kotak Bank""}",,16062307532951-20210208114851,20210208111212800110168185880718328
3352,"08/02/2021, 05:18 PM","{""ORDERID"":""16062307827863-20210208115033"",""MID"":""WeWork88667919530823"",""TXNID"":""20210208111212800110168266880673858"",""TXNAMOUNT"":""590.00"",""PAYMENTMODE"":""CC"",""CURRENCY"":""INR"",""TXNDATE"":""2021-02-08 17:20:34.0"",""STATUS"":""TXN_SUCCESS"",""RESPCODE"":""01"",""RESPMSG"":""Txn Success"",""MERC_UNQ_REF"":""16062307827863"",""GATEWAYNAME"":""ICICIPAY"",""BANKTXNID"":""70425580199"",""BANKNAME"":""Kotak Bank""}",,16062307827863-20210208115033,20210208111212800110168266880673858
3389,"09/02/2021, 09:19 AM","{""ORDERID"":""16067006726295-20210209042556"",""MID"":""WeWork88667919530823"",""TXNID"":""20210209111212800110168343081036052"",""TXNAMOUNT"":""236.00"",""PAYMENTMODE"":""DC"",""CURRENCY"":""INR"",""TXNDATE"":""2021-02-09 09:55:56.0"",""STATUS"":""TXN_SUCCESS"",""RESPCODE"":""01"",""RESPMSG"":""Txn Success"",""MERC_UNQ_REF"":""16067006726295"",""GATEWAYNAME"":""ICICIPAY"",""BANKTXNID"":""70430179277"",""BANKNAME"":""ICICI Bank""}",,16067006726295-20210209042556,20210209111212800110168343081036052
3419,"09/02/2021, 01:02 PM","{""ORDERID"":""16067693904023-20210209075324"",""MID"":""WeWork88667919530823"",""TXNID"":""20210209111212800110168269580837316"",""TXNAMOUNT"":""15930.00"",""PAYMENTMODE"":""CC"",""CURRENCY"":""INR"",""TXNDATE"":""2021-02-09 13:23:25.0"",""STATUS"":""TXN_SUCCESS"",""RESPCODE"":""01"",""RESPMSG"":""Txn Success"",""MERC_UNQ_REF"":""16067693904023"",""GATEWAYNAME"":""AMEXADV"",""BANKTXNID"":""21020911121"",""BANKNAME"":""American Express""}",,16067693904023-20210209075324,20210209111212800110168269580837316
3421,"09/02/2021, 01:26 PM","{""ORDERID"":""16068026368151-20210209090130"",""MID"":""WeWork88667919530823"",""TXNID"":""20210209111212800110168674880931580"",""TXNAMOUNT"":""236.00"",""PAYMENTMODE"":""DC"",""CURRENCY"":""INR"",""TXNDATE"":""2021-02-09 14:31:31.0"",""STATUS"":""TXN_SUCCESS"",""RESPCODE"":""01"",""RESPMSG"":""Txn Success"",""MERC_UNQ_REF"":""16068026368151"",""GATEWAYNAME"":""ICICIPAY"",""BANKTXNID"":""70432393274"",""BANKNAME"":""ICICI Bank""}",,16068026368151-20210209090130,20210209111212800110168674880931580
3431,"09/02/2021, 04:31 PM","{""ORDERID"":""16068637196439-20210209114814"",""MID"":""WeWork88667919530823"",""TXNID"":""20210209111212800110168797081395191"",""TXNAMOUNT"":""295.00"",""PAYMENTMODE"":""CC"",""CURRENCY"":""INR"",""TXNDATE"":""2021-02-09 17:18:16.0"",""STATUS"":""TXN_SUCCESS"",""RESPCODE"":""01"",""RESPMSG"":""Txn Success"",""MERC_UNQ_REF"":""16068637196439"",""GATEWAYNAME"":""SBIFSS"",""BANKTXNID"":""202104035683694"",""BANKNAME"":""Yes Bank""}",,16068637196439-20210209114814,20210209111212800110168797081395191
3433,"09/02/2021, 05:22 PM","{""ORDERID"":""16068822892695-20210209123058"",""MID"":""WeWork88667919530823"",""TXNID"":""20210209111212800110168726581119501"",""TXNAMOUNT"":""472.00"",""PAYMENTMODE"":""CC"",""CURRENCY"":""INR"",""TXNDATE"":""2021-02-09 18:00:59.0"",""STATUS"":""TXN_SUCCESS"",""RESPCODE"":""01"",""RESPMSG"":""Txn Success"",""MERC_UNQ_REF"":""16068822892695"",""GATEWAYNAME"":""ICICIPAY"",""BANKTXNID"":""70433861878"",""BANKNAME"":""Kotak Bank""}",,16068822892695-20210209123058,20210209111212800110168726581119501
3824,"09/02/2021, 05:28 PM","{""ORDERID"":""16112760848535-20210216060623"",""MID"":""WeWork88667919530823"",""TXNID"":""20210216111212800110168216382896507"",""TXNAMOUNT"":""236.00"",""PAYMENTMODE"":""UPI"",""CURRENCY"":""INR"",""TXNDATE"":""2021-02-16 11:36:24.0"",""STATUS"":""TXN_SUCCESS"",""RESPCODE"":""01"",""RESPMSG"":""Txn Success"",""MERC_UNQ_REF"":""16112760848535"",""GATEWAYNAME"":""PPBL"",""BANKTXNID"":""104711304612""}",,16112760848535-20210216060623,20210216111212800110168216382896507
3465,"10/02/2021, 10:18 AM","{""ORDERID"":""16073714991255-20210210050609"",""MID"":""WeWork88667919530823"",""TXNID"":""20210210111212800110168916481493390"",""TXNAMOUNT"":""236.00"",""PAYMENTMODE"":""CC"",""CURRENCY"":""INR"",""TXNDATE"":""2021-02-10 10:36:10.0"",""STATUS"":""TXN_SUCCESS"",""RESPCODE"":""01"",""RESPMSG"":""Txn Success"",""MERC_UNQ_REF"":""16073714991255"",""GATEWAYNAME"":""AMEXADV"",""BANKTXNID"":""21021011279"",""BANKNAME"":""AMEX""}",,16073714991255-20210210050609,20210210111212800110168916481493390
3474,"10/02/2021, 11:12 AM","{""ORDERID"":""16073922543767-20210210055300"",""MID"":""WeWork88667919530823"",""TXNID"":""20210210111212800110168667581187239"",""TXNAMOUNT"":""236.00"",""PAYMENTMODE"":""UPI"",""CURRENCY"":""INR"",""TXNDATE"":""2021-02-10 11:23:00.0"",""STATUS"":""TXN_SUCCESS"",""RESPCODE"":""01"",""RESPMSG"":""Txn Success"",""MERC_UNQ_REF"":""16073922543767"",""GATEWAYNAME"":""PPBLC"",""BANKTXNID"":""104118319979""}",,16073922543767-20210210055300,20210210111212800110168667581187239
3499,"10/02/2021, 11:43 AM","{""CURRENCY"":""INR"",""GATEWAYNAME"":""WALLET"",""RESPMSG"":""Txn Success"",""BANKNAME"":""WALLET"",""PAYMENTMODE"":""PPI"",""MID"":""WeWork88667919530823"",""MERC_UNQ_REF"":""16074540318871"",""RESPCODE"":""01"",""TXNID"":""20210210111212800110168944881814126"",""TXNAMOUNT"":""236.00"",""ORDERID"":""16074540318871-20210210075000"",""STATUS"":""TXN_SUCCESS"",""BANKTXNID"":""152614431167"",""TXNDATE"":""2021-02-10 13:20:05.0""}",,16074540318871-20210210075000,20210210111212800110168944881814126
3484,"10/02/2021, 12:03 PM","{""ORDERID"":""16074119348375-20210210063556"",""MID"":""WeWork88667919530823"",""TXNID"":""20210210111212800110168019281409820"",""TXNAMOUNT"":""472.00"",""PAYMENTMODE"":""CC"",""CURRENCY"":""INR"",""TXNDATE"":""2021-02-10 12:05:57.0"",""STATUS"":""TXN_SUCCESS"",""RESPCODE"":""01"",""RESPMSG"":""Txn Success"",""MERC_UNQ_REF"":""16074119348375"",""GATEWAYNAME"":""SBIFSS"",""BANKTXNID"":""202104119529984"",""BANKNAME"":""ICICI Bank""}",,16074119348375-20210210063556,20210210111212800110168019281409820
3497,"10/02/2021, 12:23 PM","{""ORDERID"":""16074258251927-20210210072954"",""MID"":""WeWork88667919530823"",""TXNID"":""20210210111212800110168674581246826"",""TXNAMOUNT"":""1770.00"",""PAYMENTMODE"":""CC"",""CURRENCY"":""INR"",""TXNDATE"":""2021-02-10 12:59:54.0"",""STATUS"":""TXN_SUCCESS"",""RESPCODE"":""01"",""RESPMSG"":""Txn Success"",""MERC_UNQ_REF"":""16074258251927"",""GATEWAYNAME"":""AMEX"",""BANKTXNID"":""720160155"",""BANKNAME"":""American Express""}",,16074258251927-20210210072954,20210210111212800110168674581246826
3504,"10/02/2021, 01:53 PM","{""ORDERID"":""16074852728983-20210210083921"",""MID"":""WeWork88667919530823"",""TXNID"":""20210210111212800110168865181247467"",""TXNAMOUNT"":""885.00"",""PAYMENTMODE"":""CC"",""CURRENCY"":""INR"",""TXNDATE"":""2021-02-10 14:09:22.0"",""STATUS"":""TXN_SUCCESS"",""RESPCODE"":""01"",""RESPMSG"":""Txn Success"",""MERC_UNQ_REF"":""16074852728983"",""GATEWAYNAME"":""ICICIPAY"",""BANKTXNID"":""70440326593"",""BANKNAME"":""HDFC Bank""}",,16074852728983-20210210083921,20210210111212800110168865181247467
3507,"10/02/2021, 02:45 PM","{""ORDERID"":""16075079188631-20210210091837"",""MID"":""WeWork88667919530823"",""TXNID"":""20210210111212800110168299882205116"",""TXNAMOUNT"":""590.00"",""PAYMENTMODE"":""DC"",""CURRENCY"":""INR"",""TXNDATE"":""2021-02-10 14:48:38.0"",""STATUS"":""TXN_SUCCESS"",""RESPCODE"":""01"",""RESPMSG"":""Txn Success"",""MERC_UNQ_REF"":""16075079188631"",""GATEWAYNAME"":""ICICIPAY"",""BANKTXNID"":""70440626191"",""BANKNAME"":""ICICI Bank""}",,16075079188631-20210210091837,20210210111212800110168299882205116
3994,"10/02/2021, 03:36 PM","{""ORDERID"":""16125704732823-20210218062652"",""MID"":""WeWork88667919530823"",""TXNID"":""20210218111212800110168133183676379"",""TXNAMOUNT"":""236.00"",""PAYMENTMODE"":""DC"",""CURRENCY"":""INR"",""TXNDATE"":""2021-02-18 11:56:53.0"",""STATUS"":""TXN_SUCCESS"",""RESPCODE"":""01"",""RESPMSG"":""Txn Success"",""MERC_UNQ_REF"":""16125704732823"",""GATEWAYNAME"":""SBIFSS"",""BANKTXNID"":""202104914841643"",""BANKNAME"":""Citibank""}",,16125704732823-20210218062652,20210218111212800110168133183676379
3512,"10/02/2021, 04:06 PM","{""ORDERID"":""16075515789463-20210210103928"",""MID"":""WeWork88667919530823"",""TXNID"":""20210210111212800110168336281671724"",""TXNAMOUNT"":""590.00"",""PAYMENTMODE"":""CC"",""CURRENCY"":""INR"",""TXNDATE"":""2021-02-10 16:09:29.0"",""STATUS"":""TXN_SUCCESS"",""RESPCODE"":""01"",""RESPMSG"":""Txn Success"",""MERC_UNQ_REF"":""16075515789463"",""GATEWAYNAME"":""ICICIPAY"",""BANKTXNID"":""70441200715"",""BANKNAME"":""Kotak Bank""}",,16075515789463-20210210103928,20210210111212800110168336281671724
3513,"10/02/2021, 04:07 PM","{""ORDERID"":""16075518148759-20210210104407"",""MID"":""WeWork88667919530823"",""TXNID"":""20210210111212800110168142381429862"",""TXNAMOUNT"":""4425.00"",""PAYMENTMODE"":""CC"",""CURRENCY"":""INR"",""TXNDATE"":""2021-02-10 16:14:08.0"",""STATUS"":""TXN_SUCCESS"",""RESPCODE"":""01"",""RESPMSG"":""Txn Success"",""MERC_UNQ_REF"":""16075518148759"",""GATEWAYNAME"":""ICICIPAY"",""BANKTXNID"":""70441241474"",""BANKNAME"":""Citibank""}",,16075518148759-20210210104407,20210210111212800110168142381429862
3518,"10/02/2021, 04:58 PM","{""ORDERID"":""16075878891671-20210210120204"",""MID"":""WeWork88667919530823"",""TXNID"":""20210210111212800110168889481702616"",""TXNAMOUNT"":""295.00"",""PAYMENTMODE"":""DC"",""CURRENCY"":""INR"",""TXNDATE"":""2021-02-10 17:32:05.0"",""STATUS"":""TXN_SUCCESS"",""RESPCODE"":""01"",""RESPMSG"":""Txn Success"",""MERC_UNQ_REF"":""16075878891671"",""GATEWAYNAME"":""ICICIPAY"",""BANKTXNID"":""70441796390"",""BANKNAME"":""AXIS""}",,16075878891671-20210210120204,20210210111212800110168889481702616
3540,"11/02/2021, 09:21 AM","{""ORDERID"":""16080459366551-20210211040659"",""MID"":""WeWork88667919530823"",""TXNID"":""20210211111212800110168150881402622"",""TXNAMOUNT"":""236.00"",""PAYMENTMODE"":""DC"",""CURRENCY"":""INR"",""TXNDATE"":""2021-02-11 09:37:01.0"",""STATUS"":""TXN_SUCCESS"",""RESPCODE"":""01"",""RESPMSG"":""Txn Success"",""MERC_UNQ_REF"":""16080459366551"",""GATEWAYNAME"":""BOBFSS"",""BANKTXNID"":""202104292030958"",""BANKNAME"":""ICICI Bank""}",,16080459366551-20210211040659,20210211111212800110168150881402622
3548,"11/02/2021, 10:16 AM","{""ORDERID"":""16080615473303-20210211044738"",""MID"":""WeWork88667919530823"",""TXNID"":""20210211111212800110168592981885574"",""TXNAMOUNT"":""590.00"",""PAYMENTMODE"":""CC"",""CURRENCY"":""INR"",""TXNDATE"":""2021-02-11 10:17:39.0"",""STATUS"":""TXN_SUCCESS"",""RESPCODE"":""01"",""RESPMSG"":""Txn Success"",""MERC_UNQ_REF"":""16080615473303"",""GATEWAYNAME"":""AMEXADV"",""BANKTXNID"":""21021111407"",""BANKNAME"":""AMEX""}",,16080615473303-20210211044738,20210211111212800110168592981885574
3597,"11/02/2021, 11:42 AM","{""ORDERID"":""16080937287831-20210211103347"",""MID"":""WeWork88667919530823"",""TXNID"":""20210211111212800110168659482128450"",""TXNAMOUNT"":""7080.00"",""PAYMENTMODE"":""CC"",""CURRENCY"":""INR"",""TXNDATE"":""2021-02-11 16:03:47.0"",""STATUS"":""TXN_SUCCESS"",""RESPCODE"":""01"",""RESPMSG"":""Txn Success"",""MERC_UNQ_REF"":""16080937287831"",""GATEWAYNAME"":""ICICIPAY"",""BANKTXNID"":""70449220237"",""BANKNAME"":""ICICI Bank""}",,16080937287831-20210211103347,20210211111212800110168659482128450
3583,"11/02/2021, 01:01 PM","{""ORDERID"":""16081231610007-20210211073201"",""MID"":""WeWork88667919530823"",""TXNID"":""20210211111212800110168474081500785"",""TXNAMOUNT"":""1180.00"",""PAYMENTMODE"":""NB"",""CURRENCY"":""INR"",""TXNDATE"":""2021-02-11 13:02:02.0"",""STATUS"":""TXN_SUCCESS"",""RESPCODE"":""01"",""RESPMSG"":""Txn Success"",""MERC_UNQ_REF"":""16081231610007"",""GATEWAYNAME"":""HDFC"",""BANKTXNID"":""210424531772"",""BANKNAME"":""HDFC""}",,16081231610007-20210211073201,20210211111212800110168474081500785
3584,"11/02/2021, 01:01 PM","{""ORDERID"":""16081240096919-20210211073449"",""MID"":""WeWork88667919530823"",""TXNID"":""20210211111212800110168791182043907"",""TXNAMOUNT"":""1180.00"",""PAYMENTMODE"":""NB"",""CURRENCY"":""INR"",""TXNDATE"":""2021-02-11 13:04:50.0"",""STATUS"":""TXN_SUCCESS"",""RESPCODE"":""01"",""RESPMSG"":""Txn Success"",""MERC_UNQ_REF"":""16081240096919"",""GATEWAYNAME"":""HDFC"",""BANKTXNID"":""210424533391"",""BANKNAME"":""HDFC""}",,16081240096919-20210211073449,20210211111212800110168791182043907
3627,"11/02/2021, 05:10 PM","{""ORDERID"":""16087003955351-20210212043701"",""MID"":""WeWork88667919530823"",""TXNID"":""20210212111212800110168532182237682"",""TXNAMOUNT"":""4425.00"",""PAYMENTMODE"":""PPI"",""CURRENCY"":""INR"",""TXNDATE"":""2021-02-12 10:07:03.0"",""STATUS"":""TXN_SUCCESS"",""RESPCODE"":""01"",""RESPMSG"":""Txn Success"",""MERC_UNQ_REF"":""16087003955351"",""GATEWAYNAME"":""WALLET"",""BANKTXNID"":""152720327058"",""BANKNAME"":""WALLET""}",,16087003955351-20210212043701,20210212111212800110168532182237682
5649,"12/02/2021, 11:26 AM","{""ORDERID"":""19824664412311-20210316090830"",""MID"":""WeWork88667919530823"",""TXNID"":""20210316111212800110168428790597582"",""TXNAMOUNT"":""354.00"",""PAYMENTMODE"":""UPI"",""CURRENCY"":""INR"",""TXNDATE"":""2021-03-16 14:38:30.0"",""STATUS"":""TXN_SUCCESS"",""RESPCODE"":""01"",""RESPMSG"":""Txn Success"",""MERC_UNQ_REF"":""19824664412311"",""GATEWAYNAME"":""PPBLC"",""BANKTXNID"":""107553124745""}",,19824664412311-20210316090830,20210316111212800110168428790597582
5679,"12/02/2021, 11:27 AM","{""ORDERID"":""19851603673239-20210316182827"",""MID"":""WeWork88667919530823"",""TXNID"":""20210316111212800110168812390867718"",""TXNAMOUNT"":""33.04"",""PAYMENTMODE"":""UPI"",""CURRENCY"":""INR"",""TXNDATE"":""2021-03-16 23:58:27.0"",""STATUS"":""TXN_SUCCESS"",""RESPCODE"":""01"",""RESPMSG"":""Txn Success"",""MERC_UNQ_REF"":""19851603673239"",""GATEWAYNAME"":""ICICI"",""BANKTXNID"":""107523222870""}",,19851603673239-20210316182827,20210316111212800110168812390867718
3664,"12/02/2021, 12:46 PM","{""ORDERID"":""16087647879319-20210212072331"",""MID"":""WeWork88667919530823"",""TXNID"":""20210212111212800110168576582198319"",""TXNAMOUNT"":""236.00"",""PAYMENTMODE"":""CC"",""CURRENCY"":""INR"",""TXNDATE"":""2021-02-12 12:53:32.0"",""STATUS"":""TXN_SUCCESS"",""RESPCODE"":""01"",""RESPMSG"":""Txn Success"",""MERC_UNQ_REF"":""16087647879319"",""GATEWAYNAME"":""ICICIPAY"",""BANKTXNID"":""70456036074"",""BANKNAME"":""ICICI Bank""}",,16087647879319-20210212072331,20210212111212800110168576582198319
3666,"12/02/2021, 01:04 PM","{""CURRENCY"":""INR"",""GATEWAYNAME"":""WALLET"",""RESPMSG"":""Txn Success"",""BANKNAME"":""WALLET"",""PAYMENTMODE"":""PPI"",""MID"":""WeWork88667919530823"",""MERC_UNQ_REF"":""16087692738711"",""RESPCODE"":""01"",""TXNID"":""20210212111212800110168660881540673"",""TXNAMOUNT"":""590.00"",""ORDERID"":""16087692738711-20210212073601"",""STATUS"":""TXN_SUCCESS"",""BANKTXNID"":""152731086532"",""TXNDATE"":""2021-02-12 13:06:02.0""}",,16087692738711-20210212073601,20210212111212800110168660881540673
3673,"12/02/2021, 02:52 PM","{""ORDERID"":""16088287084695-20210212101343"",""MID"":""WeWork88667919530823"",""TXNID"":""20210212111212800110168372681427296"",""TXNAMOUNT"":""10030.00"",""PAYMENTMODE"":""CC"",""CURRENCY"":""INR"",""TXNDATE"":""2021-02-12 15:43:46.0"",""STATUS"":""TXN_SUCCESS"",""RESPCODE"":""01"",""RESPMSG"":""Txn Success"",""MERC_UNQ_REF"":""16088287084695"",""GATEWAYNAME"":""ICICIPAY"",""BANKTXNID"":""70457290394"",""BANKNAME"":""Kotak Bank""}",,16088287084695-20210212101343,20210212111212800110168372681427296
3993,"12/02/2021, 03:27 PM","{""CURRENCY"":""INR"",""GATEWAYNAME"":""WALLET"",""RESPMSG"":""Txn Success"",""BANKNAME"":""WALLET"",""PAYMENTMODE"":""PPI"",""MID"":""WeWork88667919530823"",""MERC_UNQ_REF"":""16125698211991"",""RESPCODE"":""01"",""TXNID"":""20210218111212800110168088083739237"",""TXNAMOUNT"":""236.00"",""ORDERID"":""16125698211991-20210218062518"",""STATUS"":""TXN_SUCCESS"",""BANKTXNID"":""153081067994"",""TXNDATE"":""2021-02-18 11:55:19.0""}",,16125698211991-20210218062518,20210218111212800110168088083739237
3676,"12/02/2021, 04:30 PM","{""ORDERID"":""16088469012631-20210212110251"",""MID"":""WeWork88667919530823"",""TXNID"":""20210212111212800110168505282062043"",""TXNAMOUNT"":""236.00"",""PAYMENTMODE"":""NB"",""CURRENCY"":""INR"",""TXNDATE"":""2021-02-12 16:32:52.0"",""STATUS"":""TXN_SUCCESS"",""RESPCODE"":""01"",""RESPMSG"":""Txn Success"",""MERC_UNQ_REF"":""16088469012631"",""GATEWAYNAME"":""SBI"",""BANKTXNID"":""IGAKMNWRX2"",""BANKNAME"":""SBI""}",,16088469012631-20210212110251,20210212111212800110168505282062043
3940,"15/02/2021, 09:15 AM","{""ORDERID"":""16120827642007-20210217115714"",""MID"":""WeWork88667919530823"",""TXNID"":""20210217111212800110168396983777935"",""TXNAMOUNT"":""1180.00"",""PAYMENTMODE"":""CC"",""CURRENCY"":""INR"",""TXNDATE"":""2021-02-17 17:27:14.0"",""STATUS"":""TXN_SUCCESS"",""RESPCODE"":""01"",""RESPMSG"":""Txn Success"",""MERC_UNQ_REF"":""16120827642007"",""GATEWAYNAME"":""BOBFSS"",""BANKTXNID"":""202104831270507"",""BANKNAME"":""ICICI Bank""}",,16120827642007-20210217115714,20210217111212800110168396983777935
3713,"15/02/2021, 09:29 AM","{""ORDERID"":""16106357588119-20210215040733"",""MID"":""WeWork88667919530823"",""TXNID"":""20210215111212800110168668482354743"",""TXNAMOUNT"":""236.00"",""PAYMENTMODE"":""DC"",""CURRENCY"":""INR"",""TXNDATE"":""2021-02-15 09:37:36.0"",""STATUS"":""TXN_SUCCESS"",""RESPCODE"":""01"",""RESPMSG"":""Txn Success"",""MERC_UNQ_REF"":""16106357588119"",""GATEWAYNAME"":""ICICIPAY"",""BANKTXNID"":""70477779515"",""BANKNAME"":""Kotak Bank""}",,16106357588119-20210215040733,20210215111212800110168668482354743
3727,"15/02/2021, 10:54 AM","{""ORDERID"":""16106628546711-20210215052612"",""MID"":""WeWork88667919530823"",""TXNID"":""20210215111212800110168903382539102"",""TXNAMOUNT"":""88.50"",""PAYMENTMODE"":""UPI"",""CURRENCY"":""INR"",""TXNDATE"":""2021-02-15 10:56:15.0"",""STATUS"":""TXN_SUCCESS"",""RESPCODE"":""01"",""RESPMSG"":""Txn Success"",""MERC_UNQ_REF"":""16106628546711"",""GATEWAYNAME"":""PPBL"",""BANKTXNID"":""104646320357""}",,16106628546711-20210215052612,20210215111212800110168903382539102
3734,"15/02/2021, 11:26 AM","{""ORDERID"":""16106730160279-20210215055724"",""MID"":""WeWork88667919530823"",""TXNID"":""20210215111212800110168204782586153"",""TXNAMOUNT"":""1180.00"",""PAYMENTMODE"":""CC"",""CURRENCY"":""INR"",""TXNDATE"":""2021-02-15 11:27:25.0"",""STATUS"":""TXN_SUCCESS"",""RESPCODE"":""01"",""RESPMSG"":""Txn Success"",""MERC_UNQ_REF"":""16106730160279"",""GATEWAYNAME"":""ICICIPAY"",""BANKTXNID"":""70478543437"",""BANKNAME"":""HDFC""}",,16106730160279-20210215055724,20210215111212800110168204782586153
3742,"15/02/2021, 12:01 PM","{""ORDERID"":""16106846158999-20210215063511"",""MID"":""WeWork88667919530823"",""TXNID"":""20210215111212800110168832482918525"",""TXNAMOUNT"":""236.00"",""PAYMENTMODE"":""CC"",""CURRENCY"":""INR"",""TXNDATE"":""2021-02-15 12:05:12.0"",""STATUS"":""TXN_SUCCESS"",""RESPCODE"":""01"",""RESPMSG"":""Txn Success"",""MERC_UNQ_REF"":""16106846158999"",""GATEWAYNAME"":""SBIFSS"",""BANKTXNID"":""202104635498115"",""BANKNAME"":""ICICI Bank""}",,16106846158999-20210215063511,20210215111212800110168832482918525
3767,"15/02/2021, 04:44 PM","{""ORDERID"":""16107857739927-20210215111720"",""MID"":""WeWork88667919530823"",""TXNID"":""20210215111212800110168949483115480"",""TXNAMOUNT"":""7080.00"",""PAYMENTMODE"":""CC"",""CURRENCY"":""INR"",""TXNDATE"":""2021-02-15 16:47:23.0"",""STATUS"":""TXN_SUCCESS"",""RESPCODE"":""01"",""RESPMSG"":""Txn Success"",""MERC_UNQ_REF"":""16107857739927"",""GATEWAYNAME"":""BOBFSS"",""BANKTXNID"":""202104643717121"",""BANKNAME"":""ICICI Bank""}",,16107857739927-20210215111720,20210215111212800110168949483115480
3793,"16/02/2021, 08:43 AM","{""ORDERID"":""16112341975191-20210216034537"",""MID"":""WeWork88667919530823"",""TXNID"":""20210216111212800110168222183428765"",""TXNAMOUNT"":""1770.00"",""PAYMENTMODE"":""CC"",""CURRENCY"":""INR"",""TXNDATE"":""2021-02-16 09:15:38.0"",""STATUS"":""TXN_SUCCESS"",""RESPCODE"":""01"",""RESPMSG"":""Txn Success"",""MERC_UNQ_REF"":""16112341975191"",""GATEWAYNAME"":""ICICIPAY"",""BANKTXNID"":""70485421477"",""BANKNAME"":""HDFC Bank""}",,16112341975191-20210216034537,20210216111212800110168222183428765
3807,"16/02/2021, 10:16 AM","{""ORDERID"":""16112580493463-20210216045017"",""MID"":""WeWork88667919530823"",""TXNID"":""20210216111212800110168039884136310"",""TXNAMOUNT"":""236.00"",""PAYMENTMODE"":""NB"",""CURRENCY"":""INR"",""TXNDATE"":""2021-02-16 10:20:19.0"",""STATUS"":""TXN_SUCCESS"",""RESPCODE"":""01"",""RESPMSG"":""Txn Success"",""MERC_UNQ_REF"":""16112580493463"",""GATEWAYNAME"":""ICICI"",""BANKTXNID"":""0046201987"",""BANKNAME"":""ICICI""}",,16112580493463-20210216045017,20210216111212800110168039884136310
4059,"16/02/2021, 11:00 AM","{""ORDERID"":""16132019323031-20210219055757"",""MID"":""WeWork88667919530823"",""TXNID"":""20210219111212800110168404983380035"",""TXNAMOUNT"":""708.00"",""PAYMENTMODE"":""CC"",""CURRENCY"":""INR"",""TXNDATE"":""2021-02-19 11:27:58.0"",""STATUS"":""TXN_SUCCESS"",""RESPCODE"":""01"",""RESPMSG"":""Txn Success"",""MERC_UNQ_REF"":""16132019323031"",""GATEWAYNAME"":""ICICIPAY"",""BANKTXNID"":""70509326596"",""BANKNAME"":""Axis Bank""}",,16132019323031-20210219055757,20210219111212800110168404983380035
4056,"16/02/2021, 11:02 AM","{""ORDERID"":""16112956965015-20210219054531"",""MID"":""WeWork88667919530823"",""TXNID"":""20210219111212800110168035084853521"",""TXNAMOUNT"":""4720.00"",""PAYMENTMODE"":""CC"",""CURRENCY"":""INR"",""TXNDATE"":""2021-02-19 11:15:32.0"",""STATUS"":""TXN_SUCCESS"",""RESPCODE"":""01"",""RESPMSG"":""Txn Success"",""MERC_UNQ_REF"":""16112956965015"",""GATEWAYNAME"":""ICICIPAY"",""BANKTXNID"":""70509240714"",""BANKNAME"":""Axis Bank""}",,16112956965015-20210219054531,20210219111212800110168035084853521
3829,"16/02/2021, 11:36 AM","{""ORDERID"":""16112938123415-20210216063548"",""MID"":""WeWork88667919530823"",""TXNID"":""20210216111212800110168967483204690"",""TXNAMOUNT"":""236.00"",""PAYMENTMODE"":""UPI"",""CURRENCY"":""INR"",""TXNDATE"":""2021-02-16 12:05:49.0"",""STATUS"":""TXN_SUCCESS"",""RESPCODE"":""01"",""RESPMSG"":""Txn Success"",""MERC_UNQ_REF"":""16112938123415"",""GATEWAYNAME"":""PPBLC"",""BANKTXNID"":""104759475048""}",,16112938123415-20210216063548,20210216111212800110168967483204690
3859,"16/02/2021, 01:05 PM","{""ORDERID"":""16113584537751-20210216153557"",""MID"":""WeWork88667919530823"",""TXNID"":""20210216111212800110168180382749908"",""TXNAMOUNT"":""590.00"",""PAYMENTMODE"":""UPI"",""CURRENCY"":""INR"",""TXNDATE"":""2021-02-16 21:05:59.0"",""STATUS"":""TXN_SUCCESS"",""RESPCODE"":""01"",""RESPMSG"":""Txn Success"",""MERC_UNQ_REF"":""16113584537751"",""GATEWAYNAME"":""PPBEX"",""BANKTXNID"":""104772689325""}",,16113584537751-20210216153557,20210216111212800110168180382749908
3833,"16/02/2021, 01:25 PM","{""ORDERID"":""16113238638743-20210216075620"",""MID"":""WeWork88667919530823"",""TXNID"":""20210216111212800110168854583046960"",""TXNAMOUNT"":""590.00"",""PAYMENTMODE"":""UPI"",""CURRENCY"":""INR"",""TXNDATE"":""2021-02-16 13:26:21.0"",""STATUS"":""TXN_SUCCESS"",""RESPCODE"":""01"",""RESPMSG"":""Txn Success"",""MERC_UNQ_REF"":""16113238638743"",""GATEWAYNAME"":""PPBLC"",""BANKTXNID"":""104761276440""}",,16113238638743-20210216075620,20210216111212800110168854583046960
3852,"16/02/2021, 02:11 PM","{""ORDERID"":""16114115117207-20210216115200"",""MID"":""WeWork88667919530823"",""TXNID"":""20210216111212800110168440883124609"",""TXNAMOUNT"":""295.00"",""PAYMENTMODE"":""UPI"",""CURRENCY"":""INR"",""TXNDATE"":""2021-02-16 17:22:01.0"",""STATUS"":""TXN_SUCCESS"",""RESPCODE"":""01"",""RESPMSG"":""Txn Success"",""MERC_UNQ_REF"":""16114115117207"",""GATEWAYNAME"":""ICICI"",""BANKTXNID"":""104717173050""}",,16114115117207-20210216115200,20210216111212800110168440883124609
3846,"16/02/2021, 04:18 PM","{""ORDERID"":""16113878401175-20210216105607"",""MID"":""WeWork88667919530823"",""TXNID"":""20210216111212800110168611883683317"",""TXNAMOUNT"":""236.00"",""PAYMENTMODE"":""DC"",""CURRENCY"":""INR"",""TXNDATE"":""2021-02-16 16:26:08.0"",""STATUS"":""TXN_SUCCESS"",""RESPCODE"":""01"",""RESPMSG"":""Txn Success"",""MERC_UNQ_REF"":""16113878401175"",""GATEWAYNAME"":""ICICIPAY"",""BANKTXNID"":""70488495516"",""BANKNAME"":""Kotak Bank""}",,16113878401175-20210216105607,20210216111212800110168611883683317
3847,"16/02/2021, 04:19 PM","{""ORDERID"":""16113887084695-20210216105800"",""MID"":""WeWork88667919530823"",""TXNID"":""20210216111212800110168948783220977"",""TXNAMOUNT"":""88.50"",""PAYMENTMODE"":""DC"",""CURRENCY"":""INR"",""TXNDATE"":""2021-02-16 16:28:01.0"",""STATUS"":""TXN_SUCCESS"",""RESPCODE"":""01"",""RESPMSG"":""Txn Success"",""MERC_UNQ_REF"":""16113887084695"",""GATEWAYNAME"":""ICICIPAY"",""BANKTXNID"":""70488506516"",""BANKNAME"":""Kotak Bank""}",,16113887084695-20210216105800,20210216111212800110168948783220977
3939,"17/02/2021, 04:47 PM","{""ORDERID"":""16120724357271-20210217112832"",""MID"":""WeWork88667919530823"",""TXNID"":""20210217111212800110168657083753885"",""TXNAMOUNT"":""590.00"",""PAYMENTMODE"":""NB"",""CURRENCY"":""INR"",""TXNDATE"":""2021-02-17 16:58:34.0"",""STATUS"":""TXN_SUCCESS"",""RESPCODE"":""01"",""RESPMSG"":""Txn Success"",""MERC_UNQ_REF"":""16120724357271"",""GATEWAYNAME"":""ICICI"",""BANKTXNID"":""0047234521"",""BANKNAME"":""ICICI""}",,16120724357271-20210217112832,20210217111212800110168657083753885
4007,"18/02/2021, 02:11 PM","{""ORDERID"":""16126226333847-20210218085812"",""MID"":""WeWork88667919530823"",""TXNID"":""20210218111212800110168912683306476"",""TXNAMOUNT"":""236.00"",""PAYMENTMODE"":""UPI"",""CURRENCY"":""INR"",""TXNDATE"":""2021-02-18 14:28:13.0"",""STATUS"":""TXN_SUCCESS"",""RESPCODE"":""01"",""RESPMSG"":""Txn Success"",""MERC_UNQ_REF"":""16126226333847"",""GATEWAYNAME"":""PPBLC"",""BANKTXNID"":""104908728407""}",,16126226333847-20210218085812,20210218111212800110168912683306476
4008,"18/02/2021, 02:29 PM","{""ORDERID"":""16126282563735-20210218090157"",""MID"":""WeWork88667919530823"",""TXNID"":""20210218111212800110168229684012774"",""TXNAMOUNT"":""1180.00"",""PAYMENTMODE"":""UPI"",""CURRENCY"":""INR"",""TXNDATE"":""2021-02-18 14:31:58.0"",""STATUS"":""TXN_SUCCESS"",""RESPCODE"":""01"",""RESPMSG"":""Txn Success"",""MERC_UNQ_REF"":""16126282563735"",""GATEWAYNAME"":""PPBLC"",""BANKTXNID"":""104908773544""}",,16126282563735-20210218090157,20210218111212800110168229684012774
4010,"18/02/2021, 03:33 PM","{""ORDERID"":""16126521999511-20210218100800"",""MID"":""WeWork88667919530823"",""TXNID"":""20210218111212800110168884683669815"",""TXNAMOUNT"":""1180.00"",""PAYMENTMODE"":""NB"",""CURRENCY"":""INR"",""TXNDATE"":""2021-02-18 15:38:01.0"",""STATUS"":""TXN_SUCCESS"",""RESPCODE"":""01"",""RESPMSG"":""Txn Success"",""MERC_UNQ_REF"":""16126521999511"",""GATEWAYNAME"":""HDFC"",""BANKTXNID"":""210499963733"",""BANKNAME"":""HDFC""}",,16126521999511-20210218100800,20210218111212800110168884683669815
4033,"19/02/2021, 09:28 AM","{""ORDERID"":""16131569025175-20210219040620"",""MID"":""WeWork88667919530823"",""TXNID"":""20210219111212800110168609783529577"",""TXNAMOUNT"":""236.00"",""PAYMENTMODE"":""CC"",""CURRENCY"":""INR"",""TXNDATE"":""2021-02-19 09:36:21.0"",""STATUS"":""TXN_SUCCESS"",""RESPCODE"":""01"",""RESPMSG"":""Txn Success"",""MERC_UNQ_REF"":""16131569025175"",""GATEWAYNAME"":""AMEXADV"",""BANKTXNID"":""21021912927"",""BANKNAME"":""American Express""}",,16131569025175-20210219040620,20210219111212800110168609783529577
4060,"19/02/2021, 10:19 AM","{""ORDERID"":""16132063789207-20210219060820"",""MID"":""WeWork88667919530823"",""TXNID"":""20210219111212800110168735083846155"",""TXNAMOUNT"":""295.00"",""PAYMENTMODE"":""UPI"",""CURRENCY"":""INR"",""TXNDATE"":""2021-02-19 11:38:21.0"",""STATUS"":""TXN_SUCCESS"",""RESPCODE"":""01"",""RESPMSG"":""Txn Success"",""MERC_UNQ_REF"":""16132063789207"",""GATEWAYNAME"":""PPBL"",""BANKTXNID"":""105071864485""}",,16132063789207-20210219060820,20210219111212800110168735083846155
4068,"19/02/2021, 10:53 AM","{""ORDERID"":""16131881828503-20210219071209"",""MID"":""WeWork88667919530823"",""TXNID"":""20210219111212800110168700283530792"",""TXNAMOUNT"":""2950.00"",""PAYMENTMODE"":""DC"",""CURRENCY"":""INR"",""TXNDATE"":""2021-02-19 12:42:10.0"",""STATUS"":""TXN_SUCCESS"",""RESPCODE"":""01"",""RESPMSG"":""Txn Success"",""MERC_UNQ_REF"":""16131881828503"",""GATEWAYNAME"":""ICICIPAY"",""BANKTXNID"":""70509929237"",""BANKNAME"":""RBL Bank""}",,16131881828503-20210219071209,20210219111212800110168700283530792
4092,"19/02/2021, 02:35 PM","{""ORDERID"":""16133679513751-20210219125217"",""MID"":""WeWork88667919530823"",""TXNID"":""20210219111212800110168983584961421"",""TXNAMOUNT"":""1180.00"",""PAYMENTMODE"":""DC"",""CURRENCY"":""INR"",""TXNDATE"":""2021-02-19 18:22:18.0"",""STATUS"":""TXN_SUCCESS"",""RESPCODE"":""01"",""RESPMSG"":""Txn Success"",""MERC_UNQ_REF"":""16133679513751"",""GATEWAYNAME"":""ICICIPAY"",""BANKTXNID"":""70512386032"",""BANKNAME"":""AXIS""}",,16133679513751-20210219125217,20210219111212800110168983584961421
4221,"19/02/2021, 04:33 PM","{""ORDERID"":""16156955312279-20210223054034"",""MID"":""WeWork88667919530823"",""TXNID"":""20210223111212800110168133784976365"",""TXNAMOUNT"":""295.00"",""PAYMENTMODE"":""NB"",""CURRENCY"":""INR"",""TXNDATE"":""2021-02-23 11:10:35.0"",""STATUS"":""TXN_SUCCESS"",""RESPCODE"":""01"",""RESPMSG"":""Txn Success"",""MERC_UNQ_REF"":""16156955312279"",""GATEWAYNAME"":""HDFC"",""BANKTXNID"":""210543507706"",""BANKNAME"":""HDFC""}",,16156955312279-20210223054034,20210223111212800110168133784976365
4093,"19/02/2021, 04:46 PM","{""ORDERID"":""16133312053399-20210219130032"",""MID"":""WeWork88667919530823"",""TXNID"":""20210219111212800110168742484249672"",""TXNAMOUNT"":""236.00"",""PAYMENTMODE"":""UPI"",""CURRENCY"":""INR"",""TXNDATE"":""2021-02-19 18:30:33.0"",""STATUS"":""TXN_SUCCESS"",""RESPCODE"":""01"",""RESPMSG"":""Txn Success"",""MERC_UNQ_REF"":""16133312053399"",""GATEWAYNAME"":""PPBL"",""BANKTXNID"":""105018464848""}",,16133312053399-20210219130032,20210219111212800110168742484249672
4086,"19/02/2021, 04:47 PM","{""ORDERID"":""16133316182167-20210219112200"",""MID"":""WeWork88667919530823"",""TXNID"":""20210219111212800110168031984926538"",""TXNAMOUNT"":""472.00"",""PAYMENTMODE"":""DC"",""CURRENCY"":""INR"",""TXNDATE"":""2021-02-19 16:52:02.0"",""STATUS"":""TXN_SUCCESS"",""RESPCODE"":""01"",""RESPMSG"":""Txn Success"",""MERC_UNQ_REF"":""16133316182167"",""GATEWAYNAME"":""ICICIPAY"",""BANKTXNID"":""70511719955"",""BANKNAME"":""ICICI Bank""}",,16133316182167-20210219112200,20210219111212800110168031984926538
4087,"19/02/2021, 04:47 PM","{""ORDERID"":""16133327880343-20210219112418"",""MID"":""WeWork88667919530823"",""TXNID"":""20210219111212800110168976484458546"",""TXNAMOUNT"":""177.00"",""PAYMENTMODE"":""DC"",""CURRENCY"":""INR"",""TXNDATE"":""2021-02-19 16:54:21.0"",""STATUS"":""TXN_SUCCESS"",""RESPCODE"":""01"",""RESPMSG"":""Txn Success"",""MERC_UNQ_REF"":""16133327880343"",""GATEWAYNAME"":""ICICIPAY"",""BANKTXNID"":""70511735672"",""BANKNAME"":""ICICI Bank""}",,16133327880343-20210219112418,20210219111212800110168976484458546
4091,"19/02/2021, 06:03 PM","{""ORDERID"":""16133610340503-20210219123418"",""MID"":""WeWork88667919530823"",""TXNID"":""20210219111212800110168592283952323"",""TXNAMOUNT"":""1180.00"",""PAYMENTMODE"":""DC"",""CURRENCY"":""INR"",""TXNDATE"":""2021-02-19 18:04:19.0"",""STATUS"":""TXN_SUCCESS"",""RESPCODE"":""01"",""RESPMSG"":""Txn Success"",""MERC_UNQ_REF"":""16133610340503"",""GATEWAYNAME"":""ICICIPAY"",""BANKTXNID"":""70512221990"",""BANKNAME"":""IndusInd Bank""}",,16133610340503-20210219123418,20210219111212800110168592283952323
4130,"22/02/2021, 10:18 AM","{""ORDERID"":""16150929637527-20210222045352"",""MID"":""WeWork88667919530823"",""TXNID"":""20210222111212800110168366984743695"",""TXNAMOUNT"":""236.00"",""PAYMENTMODE"":""UPI"",""CURRENCY"":""INR"",""TXNDATE"":""2021-02-22 10:23:54.0"",""STATUS"":""TXN_SUCCESS"",""RESPCODE"":""01"",""RESPMSG"":""Txn Success"",""MERC_UNQ_REF"":""16150929637527"",""GATEWAYNAME"":""PPBLC"",""BANKTXNID"":""105394959209""}",,16150929637527-20210222045352,20210222111212800110168366984743695
4162,"22/02/2021, 01:47 PM","{""CURRENCY"":""INR"",""GATEWAYNAME"":""WALLET"",""RESPMSG"":""Txn Success"",""BANKNAME"":""WALLET"",""PAYMENTMODE"":""PPI"",""MID"":""WeWork88667919530823"",""MERC_UNQ_REF"":""16151651025047"",""RESPCODE"":""01"",""TXNID"":""20210222111212800110168089384931297"",""TXNAMOUNT"":""708.00"",""ORDERID"":""16151651025047-20210222081937"",""STATUS"":""TXN_SUCCESS"",""BANKTXNID"":""153329011638"",""TXNDATE"":""2021-02-22 13:49:38.0""}",,16151651025047-20210222081937,20210222111212800110168089384931297
4218,"23/02/2021, 10:50 AM","{""ORDERID"":""16156944203927-20210223053734"",""MID"":""WeWork88667919530823"",""TXNID"":""20210223111212800110168847584839957"",""TXNAMOUNT"":""295.00"",""PAYMENTMODE"":""PPI"",""CURRENCY"":""INR"",""TXNDATE"":""2021-02-23 11:07:36.0"",""STATUS"":""TXN_SUCCESS"",""RESPCODE"":""01"",""RESPMSG"":""Txn Success"",""MERC_UNQ_REF"":""16156944203927"",""GATEWAYNAME"":""WALLET"",""BANKTXNID"":""153375593935"",""BANKNAME"":""WALLET""}",,16156944203927-20210223053734,20210223111212800110168847584839957
4236,"23/02/2021, 03:24 PM","{""ORDERID"":""16157808853143-20210223095944"",""MID"":""WeWork88667919530823"",""TXNID"":""20210223111212800110168889884806491"",""TXNAMOUNT"":""236.00"",""PAYMENTMODE"":""CC"",""CURRENCY"":""INR"",""TXNDATE"":""2021-02-23 15:29:45.0"",""STATUS"":""TXN_SUCCESS"",""RESPCODE"":""01"",""RESPMSG"":""Txn Success"",""MERC_UNQ_REF"":""16157808853143"",""GATEWAYNAME"":""BOBFSS"",""BANKTXNID"":""202105436946772"",""BANKNAME"":""ICICI Bank""}",,16157808853143-20210223095944,20210223111212800110168889884806491
4245,"23/02/2021, 04:58 PM","{""ORDERID"":""16158558093463-20210223133023"",""MID"":""WeWork88667919530823"",""TXNID"":""20210223111212800110168057484973134"",""TXNAMOUNT"":""88.50"",""PAYMENTMODE"":""UPI"",""CURRENCY"":""INR"",""TXNDATE"":""2021-02-23 19:00:24.0"",""STATUS"":""TXN_SUCCESS"",""RESPCODE"":""01"",""RESPMSG"":""Txn Success"",""MERC_UNQ_REF"":""16158558093463"",""GATEWAYNAME"":""PPBL"",""BANKTXNID"":""105419808016""}",,16158558093463-20210223133023,20210223111212800110168057484973134
4285,"24/02/2021, 10:26 AM","{""CURRENCY"":""INR"",""GATEWAYNAME"":""WALLET"",""RESPMSG"":""Txn Success"",""BANKNAME"":""WALLET"",""PAYMENTMODE"":""PPI"",""MID"":""WeWork88667919530823"",""MERC_UNQ_REF"":""19720122728599"",""RESPCODE"":""01"",""TXNID"":""20210224111212800110168951584952761"",""TXNAMOUNT"":""1475.00"",""ORDERID"":""19720122728599-20210224050909"",""STATUS"":""TXN_SUCCESS"",""BANKTXNID"":""153431619675"",""TXNDATE"":""2021-02-24 10:39:10.0""}",,19720122728599-20210224050909,20210224111212800110168951584952761
4325,"24/02/2021, 02:23 PM","{""gift_card_id"":439976394903,""gift_card_last_characters"":""test""}",,,
4339,"24/02/2021, 02:36 PM","{""ORDERID"":""19722290036887-20210224123652"",""MID"":""WeWork88667919530823"",""TXNID"":""20210224111212800110168557284853850"",""TXNAMOUNT"":""708.00"",""PAYMENTMODE"":""CC"",""CURRENCY"":""INR"",""TXNDATE"":""2021-02-24 18:06:54.0"",""STATUS"":""TXN_SUCCESS"",""RESPCODE"":""01"",""RESPMSG"":""Txn Success"",""MERC_UNQ_REF"":""19722290036887"",""GATEWAYNAME"":""ICICIPAY"",""BANKTXNID"":""70547610559"",""BANKNAME"":""Citibank""}",,19722290036887-20210224123652,20210224111212800110168557284853850
4403,"25/02/2021, 09:51 AM","{""ORDERID"":""19727757672599-20210225085113"",""MID"":""WeWork88667919530823"",""TXNID"":""20210225111212800110168823085601616"",""TXNAMOUNT"":""4130.00"",""PAYMENTMODE"":""NB"",""CURRENCY"":""INR"",""TXNDATE"":""2021-02-25 14:21:14.0"",""STATUS"":""TXN_SUCCESS"",""RESPCODE"":""01"",""RESPMSG"":""Txn Success"",""MERC_UNQ_REF"":""19727757672599"",""GATEWAYNAME"":""HDFC"",""BANKTXNID"":""210565274444"",""BANKNAME"":""HDFC""}",,19727757672599-20210225085113,20210225111212800110168823085601616
4386,"25/02/2021, 10:58 AM","{""CURRENCY"":""INR"",""GATEWAYNAME"":""WALLET"",""RESPMSG"":""Txn Success"",""BANKNAME"":""WALLET"",""PAYMENTMODE"":""PPI"",""MID"":""WeWork88667919530823"",""MERC_UNQ_REF"":""19727032090775"",""RESPCODE"":""01"",""TXNID"":""20210225111212800110168575485408895"",""TXNAMOUNT"":""1475.00"",""ORDERID"":""19727032090775-20210225055247"",""STATUS"":""TXN_SUCCESS"",""BANKTXNID"":""153492385811"",""TXNDATE"":""2021-02-25 11:22:48.0""}",,19727032090775-20210225055247,20210225111212800110168575485408895
4394,"25/02/2021, 11:06 AM","{""ORDERID"":""19727224733847-20210225064545"",""MID"":""WeWork88667919530823"",""TXNID"":""20210225111212800110168752084940989"",""TXNAMOUNT"":""590.00"",""PAYMENTMODE"":""CC"",""CURRENCY"":""INR"",""TXNDATE"":""2021-02-25 12:15:46.0"",""STATUS"":""TXN_SUCCESS"",""RESPCODE"":""01"",""RESPMSG"":""Txn Success"",""MERC_UNQ_REF"":""19727224733847"",""GATEWAYNAME"":""AMEX"",""BANKTXNID"":""1400152675"",""BANKNAME"":""American Express""}",,19727224733847-20210225064545,20210225111212800110168752084940989
4396,"25/02/2021, 11:13 AM","{""ORDERID"":""19727353381015-20210225071413"",""MID"":""WeWork88667919530823"",""TXNID"":""20210225111212800110168569784922560"",""TXNAMOUNT"":""2360.00"",""PAYMENTMODE"":""CC"",""CURRENCY"":""INR"",""TXNDATE"":""2021-02-25 12:44:14.0"",""STATUS"":""TXN_SUCCESS"",""RESPCODE"":""01"",""RESPMSG"":""Txn Success"",""MERC_UNQ_REF"":""19727353381015"",""GATEWAYNAME"":""ICICIPAY"",""BANKTXNID"":""70552654633"",""BANKNAME"":""HDFC Bank""}",,19727353381015-20210225071413,20210225111212800110168569784922560
4412,"25/02/2021, 01:30 PM","{""ORDERID"":""19728793960599-20210225130016"",""MID"":""WeWork88667919530823"",""TXNID"":""20210225111212800110168702885163979"",""TXNAMOUNT"":""885.00"",""PAYMENTMODE"":""NB"",""CURRENCY"":""INR"",""TXNDATE"":""2021-02-25 18:30:17.0"",""STATUS"":""TXN_SUCCESS"",""RESPCODE"":""01"",""RESPMSG"":""Txn Success"",""MERC_UNQ_REF"":""19728793960599"",""GATEWAYNAME"":""HDFC"",""BANKTXNID"":""210565485686"",""BANKNAME"":""HDFC""}",,19728793960599-20210225130016,20210225111212800110168702885163979
4410,"25/02/2021, 04:33 PM","{""ORDERID"":""19728450650263-20210225114030"",""MID"":""WeWork88667919530823"",""TXNID"":""20210225111212800110168305485263936"",""TXNAMOUNT"":""236.00"",""PAYMENTMODE"":""CC"",""CURRENCY"":""INR"",""TXNDATE"":""2021-02-25 17:10:32.0"",""STATUS"":""TXN_SUCCESS"",""RESPCODE"":""01"",""RESPMSG"":""Txn Success"",""MERC_UNQ_REF"":""19728450650263"",""GATEWAYNAME"":""ICICIPAY"",""BANKTXNID"":""70554340199"",""BANKNAME"":""Axis Bank""}",,19728450650263-20210225114030,20210225111212800110168305485263936
4455,"26/02/2021, 10:42 AM","{""ORDERID"":""19733618393239-20210226060146"",""MID"":""WeWork88667919530823"",""TXNID"":""20210226111212800110168068084994478"",""TXNAMOUNT"":""10620.00"",""PAYMENTMODE"":""NB"",""CURRENCY"":""INR"",""TXNDATE"":""2021-02-26 11:31:47.0"",""STATUS"":""TXN_SUCCESS"",""RESPCODE"":""01"",""RESPMSG"":""Txn Success"",""MERC_UNQ_REF"":""19733618393239"",""GATEWAYNAME"":""HDFC"",""BANKTXNID"":""210575920356"",""BANKNAME"":""HDFC""}",,19733618393239-20210226060146,20210226111212800110168068084994478
4452,"26/02/2021, 11:24 AM","{""ORDERID"":""19733705556119-20210226055602"",""MID"":""WeWork88667919530823"",""TXNID"":""20210226111212800110168106785362068"",""TXNAMOUNT"":""590.00"",""PAYMENTMODE"":""CC"",""CURRENCY"":""INR"",""TXNDATE"":""2021-02-26 11:26:04.0"",""STATUS"":""TXN_SUCCESS"",""RESPCODE"":""01"",""RESPMSG"":""Txn Success"",""MERC_UNQ_REF"":""19733705556119"",""GATEWAYNAME"":""ICICIPAY"",""BANKTXNID"":""70559367314"",""BANKNAME"":""Citibank""}",,19733705556119-20210226055602,20210226111212800110168106785362068
4461,"26/02/2021, 12:28 PM","{""CURRENCY"":""INR"",""GATEWAYNAME"":""WALLET"",""RESPMSG"":""Txn Success"",""BANKNAME"":""WALLET"",""PAYMENTMODE"":""PPI"",""MID"":""WeWork88667919530823"",""MERC_UNQ_REF"":""19734011674775"",""RESPCODE"":""01"",""TXNID"":""20210226111212800110168043385197043"",""TXNAMOUNT"":""236.00"",""ORDERID"":""19734011674775-20210226071659"",""STATUS"":""TXN_SUCCESS"",""BANKTXNID"":""153555548091"",""TXNDATE"":""2021-02-26 12:47:00.0""}",,19734011674775-20210226071659,20210226111212800110168043385197043
4464,"26/02/2021, 01:29 PM","{""gift_card_id"":441841483927,""gift_card_last_characters"":""ndia""}",,,
4474,"26/02/2021, 04:24 PM","{""ORDERID"":""19735381180567-20210226132346"",""MID"":""WeWork88667919530823"",""TXNID"":""20210226111212800110168672185344907"",""TXNAMOUNT"":""236.00"",""PAYMENTMODE"":""UPI"",""CURRENCY"":""INR"",""TXNDATE"":""2021-02-26 18:53:47.0"",""STATUS"":""TXN_SUCCESS"",""RESPCODE"":""01"",""RESPMSG"":""Txn Success"",""MERC_UNQ_REF"":""19735381180567"",""GATEWAYNAME"":""PPBL"",""BANKTXNID"":""105718854887""}",,19735381180567-20210226132346,20210226111212800110168672185344907
4470,"26/02/2021, 04:51 PM","{""ORDERID"":""19734962438295-20210226113915"",""MID"":""WeWork88667919530823"",""TXNID"":""20210226111212800110168343785612571"",""TXNAMOUNT"":""4425.00"",""PAYMENTMODE"":""UPI"",""CURRENCY"":""INR"",""TXNDATE"":""2021-02-26 17:09:16.0"",""STATUS"":""TXN_SUCCESS"",""RESPCODE"":""01"",""RESPMSG"":""Txn Success"",""MERC_UNQ_REF"":""19734962438295"",""GATEWAYNAME"":""PPBL"",""BANKTXNID"":""105717202728""}",,19734962438295-20210226113915,20210226111212800110168343785612571
4554,"26/02/2021, 05:14 PM","{""ORDERID"":""19753531900055-20210301062213"",""MID"":""WeWork88667919530823"",""TXNID"":""20210301111212800110168019186414370"",""TXNAMOUNT"":""2065.00"",""PAYMENTMODE"":""CC"",""CURRENCY"":""INR"",""TXNDATE"":""2021-03-01 11:52:14.0"",""STATUS"":""TXN_SUCCESS"",""RESPCODE"":""01"",""RESPMSG"":""Txn Success"",""MERC_UNQ_REF"":""19753531900055"",""GATEWAYNAME"":""ICICIPAY"",""BANKTXNID"":""70581631917"",""BANKNAME"":""ICICI Bank""}",,19753531900055-20210301062213,20210301111212800110168019186414370
4471,"26/02/2021, 06:12 PM","{""ORDERID"":""19735215014039-20210226124436"",""MID"":""WeWork88667919530823"",""TXNID"":""20210226111212800110168708685449411"",""TXNAMOUNT"":""4720.00"",""PAYMENTMODE"":""NB"",""CURRENCY"":""INR"",""TXNDATE"":""2021-02-26 18:14:37.0"",""STATUS"":""TXN_SUCCESS"",""RESPCODE"":""01"",""RESPMSG"":""Txn Success"",""MERC_UNQ_REF"":""19735215014039"",""GATEWAYNAME"":""HDFC"",""BANKTXNID"":""210576361095"",""BANKNAME"":""HDFC""}",,19735215014039-20210226124436,20210226111212800110168708685449411